{"_runtime":12.470482221,"train/loss":0,"train/learning_rate":4.878048780487805e-07,"train/train_speed(iter/s)":0.073639,"train/global_step":1,"_step":0,"_wandb":{"runtime":20},"train/grad_norm":0,"train/memory(GiB)":34.56,"_timestamp":1.7413920086938522e+09,"train/epoch":0.0012352350806762913}