{"_wandb":{"runtime":24},"_step":0,"train/epoch":0.0012352350806762913,"_runtime":15.735258472,"train/global_step":1,"train/memory(GiB)":35.39,"train/grad_norm":395.0247497558594,"_timestamp":1.7413890509003785e+09,"train/learning_rate":4.878048780487805e-07,"train/loss":27.4075927734375,"train/train_speed(iter/s)":0.060378}