{
  "text_safety": {
    "accuracy": 0.8790032867079416,
    "precision": 0.859408410548824,
    "recall": 0.8586434039522877,
    "f1": 0.8590257369311604,
    "confusion_matrix": [
      [
        6677,
        789
      ],
      [
        794,
        4823
      ]
    ]
  },
  "text_category": {
    "accuracy": 0.8203775892379424,
    "macro_precision": 0.3359416634778703,
    "macro_recall": 0.2670347358023807,
    "macro_f1": 0.26380200575738116,
    "confusion_matrix": [
      [
        0,
        1,
        0,
        44,
        0,
        0,
        2,
        0,
        5,
        0,
        15,
        0
      ],
      [
        0,
        251,
        0,
        132,
        0,
        0,
        0,
        0,
        47,
        0,
        80,
        0
      ],
      [
        0,
        6,
        0,
        19,
        0,
        0,
        0,
        0,
        3,
        0,
        16,
        0
      ],
      [
        0,
        119,
        0,
        7780,
        0,
        4,
        2,
        0,
        285,
        0,
        386,
        0
      ],
      [
        0,
        0,
        0,
        27,
        0,
        0,
        0,
        0,
        0,
        0,
        7,
        0
      ],
      [
        0,
        11,
        0,
        68,
        0,
        16,
        13,
        5,
        77,
        0,
        25,
        0
      ],
      [
        0,
        4,
        0,
        83,
        0,
        2,
        22,
        1,
        42,
        0,
        7,
        0
      ],
      [
        0,
        3,
        0,
        9,
        0,
        0,
        2,
        1,
        7,
        0,
        2,
        0
      ],
      [
        0,
        6,
        0,
        54,
        0,
        0,
        0,
        0,
        462,
        0,
        87,
        0
      ],
      [
        0,
        0,
        0,
        2,
        0,
        0,
        0,
        0,
        6,
        0,
        1,
        0
      ],
      [
        0,
        37,
        0,
        346,
        0,
        1,
        0,
        0,
        188,
        0,
        2201,
        0
      ],
      [
        0,
        0,
        0,
        7,
        0,
        0,
        0,
        0,
        3,
        0,
        51,
        0
      ]
    ]
  },
  "image_safety": {
    "accuracy": 0.23152182221203088,
    "precision": 0.14447491816331948,
    "recall": 0.8096182449181953,
    "f1": 0.2451951951951952,
    "confusion_matrix": [
      [
        1396,
        9670
      ],
      [
        384,
        1633
      ]
    ]
  },
  "image_category": {
    "accuracy": 0.0016815715050064969,
    "macro_precision": 0.0020302694721299375,
    "macro_recall": 0.0038616815868000704,
    "macro_f1": 0.0026613439787092482,
    "confusion_matrix": [
      [
        0,
        1,
        0,
        10,
        0,
        0,
        58,
        0,
        0
      ],
      [
        0,
        0,
        0,
        0,
        0,
        0,
        0,
        0,
        0
      ],
      [
        0,
        0,
        0,
        0,
        0,
        0,
        0,
        0,
        0
      ],
      [
        0,
        8,
        3,
        22,
        4,
        0,
        596,
        0,
        0
      ],
      [
        0,
        0,
        0,
        0,
        0,
        0,
        0,
        0,
        0
      ],
      [
        0,
        44,
        5,
        100,
        1,
        0,
        1049,
        0,
        0
      ],
      [
        0,
        0,
        0,
        0,
        0,
        0,
        0,
        0,
        0
      ],
      [
        0,
        114,
        54,
        1067,
        60,
        0,
        9801,
        0,
        0
      ],
      [
        0,
        0,
        3,
        5,
        1,
        0,
        77,
        0,
        0
      ]
    ]
  }
}