{"train_runtime":6729.7797,"_step":1426,"train/train_speed(iter/s)":1.929351,"train/global_step":12953,"train_samples_per_second":1.925,"train_steps_per_second":1.925,"_runtime":6728.491330761,"train/learning_rate":2.9332494766443066e-12,"train_loss":2.1704575668511072,"total_flos":5.836267305146496e+16,"train/memory(GiB)":31.21,"eval/runtime":15.9143,"train/grad_norm":0.0007100970833562315,"eval/samples_per_second":8.169,"_wandb":{"runtime":6728},"train/loss":0.2719962358474731,"eval/loss":1.7302182912826538,"train/epoch":1,"eval/steps_per_second":8.169,"_timestamp":1.7416234108408203e+09}